"id","title","year","search_query","description"
"1","Jurassic Park","1993","Jurassic Park 1993 T-Rex attacks jeep rain night","In this iconic scene from Jurassic Park, Dr. Alan Grant faces off against a massive Tyrannosaurus Rex in the pouring rain, armed with only a flare gun as a defensive weapon. The towering dinosaur looms menacingly over a damaged jeep while Grant stands his ground, illuminated by the red glow of his flare against the dark, stormy night. The tension-filled confrontation captures one of cinema's most memorable encounters between man and prehistoric beast."
"2","Jurassic Park","1993","Jurassic Park 1993 velociraptors kitchen children","A golden retriever stands in a snowy winter landscape, its fur glistening in the cold light. The dog appears alert and happy, surrounded by snow-covered ground and trees in the background, creating a peaceful holiday or winter scene. The warm tones of the dog's coat contrast beautifully with the white snow and cool tones of the winter environment."
"3","Jaws","1975","Jaws 1975 Quint eaten great white shark sinking Orca","A great white shark glides through the deep blue ocean waters, its powerful body moving with predatory grace. The massive fish is accompanied by smaller fish swimming nearby, creating a scene of marine life in their natural underwater habitat. The lighting suggests this is taken in the open ocean, with sunlight filtering through the water from above, illuminating the shark's distinctive silhouette against the blue depths."
"4","Jaws","1975","Jaws 1975 Brody clings mast sinking Orca scuba tank","A large industrial oil drilling platform or ship sits anchored in calm, shallow turquoise waters during what appears to be early morning or late afternoon, with the sun low on the horizon casting a golden glow across the sea. The vessel features prominent derricks and drilling equipment rising from its deck, indicating it is an active oil or gas extraction operation in a tropical or subtropical location. The still waters and clear sky create a serene atmosphere around this massive industrial structure, which dominates the frame with its imposing silhouette."
"5","The Silence of the Lambs","1991","Silence of the Lambs 1991 Clarice dark basement night vision killer","A woman is shown in a nighttime scene captured through a green-tinted night vision or thermal imaging perspective, suggesting this is footage from a surveillance camera or similar device. She appears to be inside a vehicle or enclosed space, looking upward with a concerned or fearful expression on her face. The grainy, monochromatic green quality of the image indicates this is a tense moment, possibly from a thriller or horror film scene."
"6","Aliens","1986","Aliens 1986 Ripley power loader fights Alien Queen cargo bay","In a dimly lit, industrial setting filled with smoke and atmospheric haze, two armored figures engage in an intense confrontation. One figure appears to be Force-choking or using the Force against the other, demonstrating a display of dark side power. The scene captures a dramatic moment of conflict between what appears to be a Sith Lord and another character, with the moody lighting and special effects emphasizing the tension and supernatural nature of their encounter."
"7","The Lion King","1994","Lion King 1994 Simba wildebeest stampede gorge Mufasa falls","Two characters stand on a wooden structure against a backdrop of towering red rock formations under a bright blue sky. One figure appears to be reaching toward or interacting with the other in what seems to be a dramatic moment. The warm earth tones of the desert landscape create a striking contrast with the clear azure sky above."
"8","Titanic","1997","Titanic 1997 Jack Rose stern sinking vertically ocean","In this dark underwater scene, a lone figure stands amid the wreckage of a massive spacecraft or structure, illuminated by an eerie blue glow. Debris and fragments float through the water around the character, creating a haunting atmosphere of destruction and desolation. The composition suggests a moment of discovery or confrontation within an alien or futuristic environment, with the solitary figure dwarfed by the scale of the devastation surrounding them."
"9","Titanic","1997","Titanic 1997 Rose floats debris freezing ocean Jack submerges","# Titanic wreckage and artifacts description The image shows a comparison between the Titanic's deteriorated ceiling structure from the wreck and the ornate decorative rosette that once adorned the ship's interior. The photograph highlights how the ship's luxurious architectural details have been preserved on the ocean floor despite the vessel's catastrophic sinking. This visual documentation reveals the stark contrast between the ship's former grandeur and its current state as a submerged ruin, demonstrating how even elaborate decorative elements endured the wreckage of one of history's most famous maritime disasters."
"10","The Matrix","1999","Matrix 1999 Neo dodges bullets rooftop bullet time slow motion","A person in a black suit performs an impressive mid-air martial arts move, leaning backward horizontally while suspended in the air with arms outstretched. The scene takes place in a futuristic white corridor with geometric patterns and digital elements visible in the background. This appears to be the iconic ""bullet dodge"" scene from The Matrix, showcasing Neo's superhuman abilities as he evades incoming attacks."
"11","Raiders of the Lost Ark","1981","Raiders of the Lost Ark 1981 Indy runs giant boulder cave","A man in period clothing and a hat walks through a narrow, rocky cave passage with hanging roots and vegetation draping from the ceiling. He is framed by the dramatic opening of the cave, which reveals a large, luminous full moon glowing brightly in the distance. The scene creates a striking contrast between the dark, earthy cave interior and the ethereal light of the moon beyond."
"12","Raiders of the Lost Ark","1981","Raiders of the Lost Ark 1981 Indy pit of snakes Well of Souls","A man in a leather jacket and fedora hat crawls through a narrow underground passage, his expression showing intense concentration and urgency. The scene appears to be from an action-adventure film, with the character navigating through what looks like a claustrophobic temple or ancient structure. The lighting is warm and atmospheric, emphasizing the danger and suspense of the moment as the character makes his way through the tight space."
"13","Indiana Jones and the Temple of Doom","1984","Temple of Doom 1984 Indy hangs lava pit rope bridge","A man in a hat and tan clothing walks across a narrow rope bridge suspended over a deep gorge, holding a wooden pole for balance. Behind him, a group of people dressed in red clothing are also crossing the bridge in single file. The surrounding landscape is dense with sparse, gnarled vegetation clinging to the rocky cliffs below, creating a dramatic and precarious scene."
"14","Indiana Jones and the Last Crusade","1989","Last Crusade 1989 Indy walks off cliff invisible bridge","A narrow wooden bridge spans across a deep chasm within towering cave walls, with several figures carefully traversing the precarious walkway suspended high above the cavern floor. The ancient wooden structure appears weathered and fragile as the travelers make their way across, surrounded by massive stone formations and shadows that emphasize the danger and isolation of their perilous journey. This appears to be a scene from an adventure film where characters must navigate through treacherous underground terrain to reach their destination."
"15","The Shining","1980","The Shining 1980 Wendy cornered Jack axe bathroom door","A middle-aged man with reddish-brown hair and facial hair is shown in a close-up portrait against a warm, yellowish-brown background. He appears to be looking directly at the camera with a serious or contemplative expression. The lighting casts gentle shadows across his face, highlighting his features in what seems to be an indoor setting."
"16","Psycho","1960","Psycho 1960 Marion stabbed shower Bates Motel","A woman stands under a shower with water streaming over her face and body, her expression showing distress or concern. She appears to be in a bathroom with white tiled walls surrounding her. The black and white cinematography and composition suggest this is a classic film scene capturing an intimate moment of vulnerability."
"17","The Birds","1963","The Birds 1963 Tippi Hedren attacked birds attic bedroom","A woman with voluminous, styled hair and wearing a tweed jacket looks upward with an animated, delighted expression as several pigeons perch around her indoors. She has one hand raised to her head in a gesture of surprise or joy while birds land on a decorative mantelpiece behind her and flutter around the room. The black and white photograph captures a playful, comedic moment of the woman interacting with the birds in what appears to be an elegant interior setting."
"18","Alien","1979","Alien 1979 Kane facehugger bursts egg attaches helmet","An astronaut in a pressurized space suit with a illuminated helmet visor peers out into the darkness of space, their face visible through the transparent dome. The astronaut is positioned near a large, cratered celestial body, likely an asteroid or moon, which is harshly lit by their helmet lights against the black void. This appears to be a scene from a science fiction film depicting an intense moment of space exploration or survival in the vacuum of space."
"19","Alien","1979","Alien 1979 chestburster erupts Kane chest dinner table","A newborn infant lies on a white cloth, crying with mouth wide open in what appears to be a medical or hospital setting. The baby's skin has a reddish tone typical of a newly born child, and the scene captures the raw emotion of birth. Various medical supplies and containers are visible in the blurred background, suggesting this is taking place in a delivery or maternity ward."
"20","Terminator 2 Judgment Day","1991","Terminator 2 1991 Sarah Connor chased T-1000 hospital corridor","In this scene, a man in a black leather jacket protectively stands with two young children in a stark, industrial corridor with metallic walls and windows. The man has a serious, determined expression while looking ahead, suggesting he is safeguarding the children from some unseen threat. The cool blue lighting and austere setting convey a sense of danger and urgency, as the group appears to be on the run or seeking shelter in this futuristic facility."
"21","Terminator 2 Judgment Day","1991","Terminator 2 1991 John Connor chased T-1000 truck concrete canal","A motorcycle rider in dark clothing and an American flag cape performs a dramatic stunt by jumping over a massive truck that crashes through a concrete barrier in an explosion of dust and debris. The intense action sequence captures the motorcycle airborne while the vehicle behind it is engulfed in a cloud of smoke and destruction. This appears to be a climactic stunt scene from an action film, showcasing high-octane choreography and practical effects."
"22","The Dark Knight","2008","The Dark Knight 2008 Batman falls skyscraper grappling building","Batman stands silhouetted against a dark, stormy Gotham City skyline, his iconic cape billowing dramatically in the wind. The Dark Knight assumes a powerful, commanding stance on a rooftop as rain falls and lightning illuminates the night sky behind him. This is a quintessential portrayal of Batman as a vigilant protector watching over his city, ready to defend it from the criminal underworld that threatens its citizens."
"23","Die Hard","1988","Die Hard 1988 McClane hangs Nakatomi Plaza roof firehose barefoot","A person performs an acrobatic leap with arms raised triumphantly while wearing dark pants and a light-colored top, captured mid-jump against a dark background. The scene appears to be from an action film, with a chain-link fence visible in the background, suggesting an intense physical confrontation or escape sequence. The dynamic composition and dramatic lighting emphasize the athleticism and energy of the moment."
"24","Die Hard","1988","Die Hard 1988 McClane crawls ventilation shaft terrorists below","A man with a bloodied face crawls through a narrow, grimy ventilation shaft or confined space, displaying an intense and determined expression. He's shirtless and appears to be in distress or exertion, gripping what looks like a small object or device in his hand. The harsh lighting and gritty environment suggest this is from an action or thriller sequence depicting a character in a dangerous or desperate situation."
"25","Mission Impossible","1996","Mission Impossible 1996 Ethan Hunt hangs wire pressure sensitive floor","A man in a dark suit and hat is floating horizontally in mid-air above a reflective white floor, appearing weightless and defying gravity. The setting appears to be a modern, minimalist interior with white walls and clean lines, creating a surreal and dreamlike atmosphere. This is the iconic zero-gravity corridor scene from the film ""Inception,"" where the character Dom Cobb navigates through a dream world constructed by the dream-sharing technology."
"26","Mission Impossible Fallout","2018","Mission Impossible Fallout 2018 Ethan Hunt hangs helicopter cliff edge","I can see a simple blue shield icon with a white checkmark in the center, commonly used to represent security, protection, verification, or trust in digital interfaces. This symbol is typically associated with antivirus software, secure connections, or verified status in web and application design."
"27","Mad Max Fury Road","2015","Mad Max Fury Road 2015 Furiosa Max fight top War Rig full speed","A heavily modified tanker truck rumbles across a barren, dusty desert landscape under a dramatic teal-colored sky, its massive cylindrical cargo tank mounted on an armored, weaponized chassis. The vehicle appears to be from a post-apocalyptic setting, featuring rusted metal plating, mechanical modifications, and an imposing presence that suggests it's built for survival in a harsh wasteland. This is the iconic War Rig from Mad Max: Fury Road, serving as the central vehicle that drives the film's explosive action sequences and represents the clash between competing factions vying for control of precious resources in a desolate world."
"28","Speed","1994","Speed 1994 Keanu Reeves boards moving bus cannot slow 50mph","A tense action thriller unfolds as a bomb has been planted on a city bus that cannot slow down below 50 miles per hour or it will detonate. Jack Traven, a heroic LAPD SWAT officer, must work against the clock to prevent catastrophe while dealing with the cunning bomber and managing the terrified passengers trapped on the vehicle. The intense standoff between law enforcement and the criminal forces a desperate race through the streets as tension mounts with each passing moment."
"29","Speed","1994","Speed 1994 bus jumps gap unfinished freeway overpass","This appears to be a cityscape view taken from an elevated position, showing an expansive urban landscape with numerous buildings, industrial structures, and infrastructure spread across the horizon. The photograph captures a sprawling metropolitan area with various residential and commercial buildings interspersed throughout, suggesting a densely populated industrial or commercial district. The hazy or overcast atmospheric conditions give the scene a somewhat muted appearance, emphasizing the scale and density of the urban development visible in the distance."
"30","Point Break","1991","Point Break 1991 Keanu Reeves skydives no parachute grabbing Bodhi mid-air","Two skydivers in mid-air perform a handshake or celebratory gesture while freefalling, both wearing protective goggles and gear against a clear blue sky. Their hair is windswept from the force of the fall, capturing the excitement and adrenaline of skydiving. The photo appears to be taken from an external camera during their aerial maneuver, showcasing the thrill and camaraderie of extreme sports."
"31","The Fugitive","1993","The Fugitive 1993 Harrison Ford jumps dam waterfall escape","A man in a blue-gray shirt and dark pants stands in a narrow brick tunnel or passageway that opens onto a scenic waterway with turquoise-blue water. He appears to be fishing, holding a fishing rod extended toward the water below. The setting suggests a canal lock or water control structure, with the man positioned at the threshold between the confined passage and the open water beyond."
"32","Cliffhanger","1993","Cliffhanger 1993 Sylvester Stallone dangling cliff face blizzard","A shirtless rock climber scales a steep cliff face with determination, gripping the rough stone surface with both hands and feet while secured with climbing gear. The climber's muscular physique and focused posture demonstrate the physical intensity and concentration required for this challenging sport. The natural rock formation towers above, creating a dramatic backdrop for this display of athleticism and climbing skill."
"33","Vertical Limit","2000","Vertical Limit 2000 climbers hanging rope cut K2 abyss","A climber in a red headband and black harness scales a steep, icy blue-white wall with ice climbing tools, demonstrating technical skill and determination. The climber is positioned mid-ascent against the vertical frozen surface, with their body leaning back and one arm raised high, gripping an ice axe. The dramatic composition captures the intense physical effort and focus required for ice climbing in what appears to be a challenging alpine environment."
"34","127 Hours","2010","127 Hours 2010 James Franco arm trapped boulder Utah canyon","# 127 Hours A man trapped between two massive canyon walls desperately reaches upward toward the light above, his silhouette emphasizing his isolation and struggle for survival. The dramatic composition captures a climber caught in an impossible situation, fighting against the unforgiving natural landscape. This is based on the true story of Aron Ralston, who becomes trapped by a boulder while canyoneering and must use his ingenuity and willpower to escape and survive."
"35","Gravity","2013","Gravity 2013 Sandra Bullock spinning untethered space debris field","Two spacecraft are docked together in orbit above Earth, with one vessel extending a robotic arm or module toward the other against the backdrop of the planet's cloudy atmosphere and the vast darkness of space. The scene captures a critical moment of space exploration, showing the precise coordination and advanced technology required for orbital rendezvous and spacecraft assembly. Sunlight illuminates the detailed mechanical structures and equipment, highlighting the intricate engineering involved in human spaceflight operations."
"36","Gravity","2013","Gravity 2013 George Clooney drifting away deep space","An astronaut in a white spacesuit floats in the vacuum of space, their face visible through the helmet's visor against the darkness of the cosmos. The suit is equipped with various tools and equipment attached to the arms and body, essential for performing extravehicular activities. The Earth's blue atmosphere is subtly visible in the background, emphasizing the vast emptiness of space surrounding the figure."
"37","Apollo 13","1995","Apollo 13 1995 astronauts floating freezing powerless capsule deep space","Astronauts in white spacesuits are working together in the confined microgravity environment of a spacecraft or space station, maneuvering around equipment and structural elements. Multiple crew members are positioned at different angles throughout the compartment, demonstrating the three-dimensional nature of movement in zero gravity. The scene captures the collaborative effort and complex coordination required to perform maintenance or operational tasks during a space mission."
"38","Interstellar","2014","Interstellar 2014 McConaughey Ranger craft spinning out of control black hole","A massive black hole with an intensely bright accretion disk dominates the scene, its swirling orange and golden light creating dramatic jets of energy that stream outward into the darkness of space. The tremendous gravitational forces warp and bend the light itself, creating a mesmerizing display of curved luminous streams that twist around the event horizon. This cosmic phenomenon showcases the awesome power of gravity, as material falls toward the black hole at near light-speed, heating to millions of degrees and releasing tremendous energy across the universe."
"39","The Martian","2015","The Martian 2015 Matt Damon alone Mars crew ship departs without him","An astronaut in a worn orange spacesuit and helmet sits on the rusty, dusty surface of Mars, surrounded by the planet's barren, sandy landscape and towering rock formations in the background. The character appears stranded or isolated on the alien world, with the harsh Martian terrain stretching out behind them under a hazy, dust-laden sky. This depicts a survival scenario on the red planet, capturing the solitude and harsh conditions of extraterrestrial exploration."
"40","Life","2017","Life 2017 astronaut trapped space suit alien creature inside ISS","A figure in a spacesuit presses their gloved hand against the interior window of a spacecraft, their face obscured by the helmet's visor. The tagline ""We were better off alone"" appears at the top, suggesting an ominous tone about isolation in space. The poster indicates this is the film ""Life"" featuring actors Jake Gyllenhaal, Rebecca Ferguson, and Ryan Reynolds, releasing in March."
"41","Saving Private Ryan","1998","Saving Private Ryan 1998 soldiers wade ashore machine gun fire Omaha Beach","A soldier observes a chaotic beach landing scene with explosions and fire erupting in the background as troops advance through the water. Multiple soldiers can be seen wading through the shallow waters while artillery fire and smoke fill the air around them. This appears to be a depiction of a major World War II amphibious assault, with the intense combat and destruction characteristic of a large-scale military operation."
"42","Saving Private Ryan","1998","Saving Private Ryan 1998 Captain Miller shot dying tank approaches","A wounded soldier in military fatigues with blood on his uniform is being attended to by fellow servicemen in what appears to be a combat zone. The injured soldier is engaged in conversation with another soldier while additional troops stand nearby in the background, with destroyed buildings visible behind them. This appears to be a scene depicting World War II soldiers during active combat operations in a European theater."
"43","Apocalypse Now","1979","Apocalypse Now 1979 helicopter attack Vietnamese village Wagner music","A military helicopter flies over a war-torn landscape filled with explosions, fire, and destruction, while musical notation overlays the entire scene. The composition captures the intense contrast between the chaos of combat-with helicopters, flames, and smoke billowing across the terrain-and the delicate, orderly beauty of classical sheet music floating above. This surreal juxtaposition creates a haunting visualization of how music and warfare intersect, transforming violence into an almost orchestrated performance."
"44","Platoon","1986","Platoon 1986 Sergeant Elias shot falling knees arms raised jungle","A person covered in mud celebrates with both arms raised triumphantly in the air, their face and body caked with muddy residue. The individual appears to be participating in a challenging obstacle course or mud-based athletic competition, displaying a moment of accomplishment and joy. The background shows a hazy, misty atmosphere with green tones, suggesting an outdoor event environment."
"45","Full Metal Jacket","1987","Full Metal Jacket 1987 Joker shot at hidden female sniper ruined building","A group of soldiers in World War II-era uniforms stands along the banks of a trench or canal filled with water, observing and surveying the terrain. Military personnel in combat gear are positioned around the excavated waterway while what appears to be officers or commanders examine the area, likely during a training exercise or military inspection. The scene captures a moment of military coordination and strategic planning in a muddy, water-logged battlefield setting with sparse vegetation visible in the background."
"46","Black Hawk Down","2001","Black Hawk Down 2001 soldiers trapped crashed helicopter surrounded militia","A group of soldiers in military uniforms and helmets gather around a damaged military vehicle in a muddy, war-torn environment. They appear to be examining or inspecting the wreckage, with some crouching down to get a closer look at the debris. The scene depicts the harsh realities of combat, with destruction and devastation visible in the surrounding area."
"47","Hacksaw Ridge","2016","Hacksaw Ridge 2016 Desmond Doss lowering wounded soldiers cliff under fire","# Description During the Battle of Okinawa in May 1945, a U.S. Army medic named Desmond Doss risked his life to save wounded soldiers on a steep cliff face by lowering them down with a rope while under intense enemy fire. Despite being a conscientious objector who refused to carry a weapon, Doss demonstrated extraordinary courage and compassion by repeatedly exposing himself to danger to rescue his fellow soldiers. His selfless actions earned him the Medal of Honor and made him a celebrated figure in military history for his commitment to saving lives rather than taking them."
"48","Dunkirk","2017","Dunkirk 2017 soldiers trapped sinking beached boat tide rises","A group of silhouetted figures stand together against a light sky background, appearing to be positioned on elevated terrain. The dark outlines of the individuals create a striking contrast against the pale backdrop, suggesting they may be surveying a landscape or gathered for a significant moment. The composition conveys a sense of unity or collective purpose among the assembled group."
"49","Dunkirk","2017","Dunkirk 2017 Spitfire pilot gliding no fuel over Channel beach","A figure in dark clothing stands on a beach, silhouetted against the dramatic orange and yellow flames of a burning aircraft wreckage in the water. The scene captures a moment of devastation and destruction, with thick smoke rising from the burning plane as waves lap against the shore. The composition suggests a cinematic moment of high stakes and peril, with the lone observer witnessing the catastrophic scene unfold before them."
"50","1917","2019","1917 2019 Schofield falls pit corpses sinking mud no man's land","A seal or sea lion rests on the rocky shoreline near the water's edge, surrounded by moss-covered stones and boulders. The marine mammal appears to be lounging peacefully on the rocks, with calm water visible in the background. The scene captures a natural coastal habitat where the creature blends in with its rocky environment."
"51","The Revenant","2015","The Revenant 2015 Leonardo DiCaprio mauled grizzly bear forest","A man lies on the ground in a tense confrontation with a massive bear looming over him. The scene captures a desperate moment of struggle as the man appears to be defending himself against the dangerous predator in a forested setting. This appears to be from the film ""The Revenant,"" depicting the famous bear attack scene involving the character Hugh Glass."
"52","The Revenant","2015","The Revenant 2015 DiCaprio crawls inside horse carcass survive blizzard","I can see a dark, blurred image with minimal visible detail. The image appears to be mostly black with some subtle gradients of dark blue, purple, and gray tones throughout, creating an atmospheric but largely obscured composition. Without clear focal points or distinguishable elements, the image suggests a nighttime or dimly lit scene, though specific details remain indiscernible."
"53","Cast Away","2000","Cast Away 2000 Tom Hanks swept raft massive ocean wave storm","A bearded man with a disheveled appearance clings to what appears to be wreckage or debris in turbulent water, his face showing signs of desperation and survival struggle. The scene captures an intense moment of maritime peril, with the man's muscular frame and wild expression conveying the physical and emotional toll of being stranded. The overcast sky and choppy water in the background emphasize the dangerous, isolated circumstances he finds himself in."
"54","Cast Away","2000","Cast Away 2000 Tom Hanks drifts alone tiny raft middle Pacific","A rugged castaway man with a thick beard and weathered appearance struggles for survival on a remote island, shown in various scenes of hardship and desperation. The collage depicts his journey of isolation, featuring moments of him scavenging for resources, building shelter, and enduring the harsh conditions of being stranded alone in nature. His disheveled appearance and the primitive survival techniques shown emphasize the physical and mental toll of prolonged solitude on an uninhabited island."
"55","The Perfect Storm","2000","The Perfect Storm 2000 fishing boat climbs vertical wall water hurricane","A small boat is engulfed by a massive, towering wave in the middle of a turbulent ocean. The vessel appears to be struggling against the overwhelming power of nature as water crashes around it. This appears to be a dramatic scene depicting a desperate maritime disaster or survival situation in extremely treacherous conditions."
"56","Twister","1996","Twister 1996 Bill Paxton Helen Hunt strapped pipes F5 tornado passes over","A man and woman are shown in an intense, dramatic moment, both gripping what appears to be a weapon or tool together. The woman has voluminous blonde hair and an expression of determination or fear, while the man behind her displays a wide grin despite the tense situation. The warm, vintage-quality lighting and their clothing suggest this is from a classic film, capturing a pivotal action sequence where the two characters are united in a dangerous confrontation."
"57","Twister","1996","Twister 1996 tornado destroys drive-in movie theater","A man in a dark suit is suspended in mid-air above a swirling blue vortex or whirlpool, appearing to be falling or being pulled into the chaotic water below. The dramatic lighting and composition suggest a moment of danger or crisis, with the character seemingly helpless against the powerful force. The blue tones and turbulent water create an atmosphere of intense peril and desperation."
"58","The Day After Tomorrow","2004","The Day After Tomorrow 2004 Jake Gyllenhaal runs freezing cold wave engulfing New York","A catastrophic ice age has engulfed Earth, transforming the planet into a frozen wasteland where the last remnants of humanity struggle to survive. The film follows survivors aboard a massive, perpetually moving train called the Snowpiercer, where a rigid class system divides passengers between the luxurious front cars and the impoverished tail section, leading to an uprising against the oppressive social hierarchy. As the train races through the frozen landscape, the protagonist leads a desperate revolt to navigate through the cars and uncover the truth about their world and the possibility of salvation."
"59","Dante's Peak","1997","Dante's Peak 1997 grandma walks into acid lake push boat to safety","An older man with white hair wearing a red jacket and blue shirt stands in a snowy, icy environment with his arm outstretched. The scene appears to be from a dramatic moment, with cold, blue-tinted lighting and snow or ice visible in the background. The character's expression and body language suggest he is in the midst of an intense or emotional scene, possibly from an action or adventure film."
"60","Volcano","1997","Volcano 1997 Tommy Lee Jones lava flowing down Wilshire Boulevard","A massive figure engulfed in intense flames stands towering over a smaller character, creating a dramatic and terrifying scene of confrontation. The massive burning entity appears to be a powerful, monstrous being surrounded by roaring fire and smoke, while the smaller figure stands before it, seemingly facing down this apocalyptic threat. The scene is filled with orange and golden flames that illuminate the dark surroundings, creating an atmosphere of danger and supernatural horror."
"61","The Poseidon Adventure","1972","Poseidon Adventure 1972 passengers climb overturned ballroom Christmas tree ship floods","In this iconic scene from ""Gremlins,"" a large group of mischievous creatures wreak havoc in a movie theater during a Christmas screening, with their chaotic shadows and silhouettes visible against the bright projection light. The gremlins are causing mayhem among the frightened audience members who are trying to escape the theater in panic. The festive setting, marked by holiday decorations visible in the background, contrasts sharply with the horror and destruction unfolding as the creatures run amok throughout the venue."
"62","The Towering Inferno","1974","The Towering Inferno 1974 Steve McQueen rescues victims burning skyscraper window","# Movie Poster Description The poster depicts an intense disaster film featuring two men in the center flanked by dramatic scenes of a massive fire engulfing a high-rise building. The composition shows various characters' faces arranged at the bottom, suggesting an ensemble cast caught in a catastrophic emergency. The imagery emphasizes the scale of destruction with towering flames consuming the structure, while the men's expressions convey urgency and determination in the face of this life-threatening crisis."
"63","Backdraft","1991","Backdraft 1991 Kurt Russell trapped burning warehouse fire breathes back in","A firefighter stands silhouetted against a massive inferno, facing an enormous burning building engulfed in flames. The intense fire creates a dramatic backdrop as the protagonist appears to be confronting the dangerous blaze, highlighting the peril and courage required in firefighting. The scene captures a critical moment of heroism amid catastrophic destruction and chaos."
"64","Ladder 49","2004","Ladder 49 2004 Joaquin Phoenix firefighter trapped collapsing burning upper floor","Two firefighters in full gear and helmets are featured in this dramatic scene from the film Ladder 49. The image shows intense close-up portraits of the characters set against a backdrop of flames and fire, capturing the dangerous and heroic nature of their profession. The composition emphasizes the courage and determination required of firefighters as they face life-threatening situations in their line of duty."
"65","The Impossible","2012","The Impossible 2012 Naomi Watts swept away Indian Ocean tsunami wave","A man clutches a young boy tightly in his arms in a desperate embrace, both appearing distressed and vulnerable. The scene is set outdoors with a natural, earthy landscape visible in the background. The emotional intensity of the moment suggests a story centered on survival, loss, or profound human connection during a crisis."
"66","San Andreas","2015","San Andreas 2015 daughter clings collapsed skyscraper San Francisco earthquake","A figure in dark clothing stands in front of a massive explosion engulfing a city skyline, with smoke and debris billowing across urban buildings. The scene captures a moment of intense destruction and chaos unfolding in what appears to be a major metropolitan area. This appears to be from an action film depicting a catastrophic event or attack on a city."
"67","2012","2009","2012 2009 John Cusack drives limo through collapsing Los Angeles streets earthquake","A military convoy of vehicles is moving down a dusty road through a sparse, arid landscape with scattered trees and vegetation. Soldiers can be seen positioned on and around the vehicles as they travel in formation across what appears to be a combat or patrol operation in a desert environment. The scene captures the movement and coordination of a tactical military unit during what seems to be an active mission or engagement."
"68","World War Z","2013","World War Z 2013 Brad Pitt rooftop zombie wave climbing wall","A massive cloud of dust and debris engulfs the streets as buildings collapse in a catastrophic explosion, with the towering wall of destruction consuming everything in its path. People scatter and flee in panic as the overwhelming force of the blast sweeps through the urban landscape, creating an apocalyptic scene of devastation. This appears to be from the climactic battle sequence where an enormous destructive force obliterates the city in its wake."
"69","28 Days Later","2002","28 Days Later 2002 Cillian Murphy cornered infected dark tunnel London","A man with dark hair wearing a green shirt stands in front of a backdrop featuring iconic London landmarks including Big Ben and the Houses of Parliament. He appears to be posing for a photograph, turning slightly toward the camera with a casual expression. The scene suggests this may be from a film or television production featuring London as a setting."
"70","I Am Legend","2007","I Am Legend 2007 Will Smith trapped dark building surrounded Darkseekers","A man speaks intensely into a microphone while holding what appears to be a rifle, with urban buildings visible in the background. He wears dark clothing and has a serious, focused expression on his face. The scene appears to be from an action film, with professional lighting and cinematography typical of a movie production."
"71","Annihilation","2018","Annihilation 2018 Natalie Portman held down mutant bear creature abandoned building","A man with a serious expression stands in dim lighting while a grotesque skull or demonic face looms menacingly behind him on the left side of the frame. The atmosphere is dark and ominous, with yellow-green lighting casting an eerie glow across the scene. This appears to be a tense moment where the character is confronted by or aware of a supernatural or monstrous presence."
"72","A Quiet Place","2018","A Quiet Place 2018 Emily Blunt gives birth silently bathtub creature in house","A woman with blonde hair sits in what appears to be a bathtub, wearing a green patterned dress and cardigan, with an expression of shock or surprise on her face. She's positioned in a bathroom setting with tiled walls visible in the background. The scene captures a moment of dramatic reaction, likely from a comedic or intense scene in the narrative."
"73","No Country for Old Men","2007","No Country for Old Men 2007 Josh Brolin hides under water riverbank Chigurh henchmen","A man with a distinctive mustache stands in an outdoor wilderness setting near a river, wearing a tan or khaki-colored shirt. He is holding a revolver in his hand and pointing it toward the camera with a serious, intense expression. The background shows lush green vegetation and mountains, suggesting a remote or rural location during what appears to be daytime."
"74","The Thing","1982","The Thing 1982 MacReady defibrillates Norris chest opens bites hands","I can see this is a very blurry image that makes it difficult to discern specific details or identify characters with certainty. The image appears to show figures in what looks like an indoor setting with warm, muted lighting, but the lack of focus prevents me from accurately describing the specific actions or scene taking place. Without clearer visual information, I cannot provide a reliable description of the content or identify any particular movie scene or characters."
"75","It","2017","It 2017 children face Pennywise flooded sewer lair beneath Derry","A diver explores an underwater wreck or structure covered in algae and marine growth, swimming through the murky turquoise waters. The diver is examining the deteriorated surface of what appears to be an old shipwreck or submerged structure, with debris and sediment visible in the water around them. The atmospheric lighting and conditions suggest this is a deep-water exploration or documentation of a historical maritime site."
"76","Get Out","2017","Get Out 2017 Chris tied chair hypnosis film sunken place","A man sits alone in an interrogation room, restrained and seated at a metal table across from an empty chair. The austere setting features dark wooden walls and a clinical atmosphere typical of a police or detention facility. His posture and the isolation of the space suggest he is under questioning or custody, waiting for an interrogator to arrive."
"77","Us","2019","Us 2019 family cornered lake house doppelgangers night","A group of Buddhist monks in deep red and burgundy robes walk together along a tree-lined path at night, their figures silhouetted against the darkness. The monks move in a procession through what appears to be a temple grounds or spiritual sanctuary, surrounded by tall trees that create a serene and contemplative atmosphere. The scene captures a moment of quiet spiritual practice or ritual, with the monks' traditional robes and deliberate pace conveying a sense of devotion and tranquility."
"78","Bird Box","2018","Bird Box 2018 Sandra Bullock steers boat blindfolded river rapids","A person wearing a brown puffy jacket and a dark headband stands at the helm of a boat, appearing to navigate through misty, overcast conditions. The scene captures a moment of tension or determination as the character surveys the foggy seascape ahead, with water visible in the background. Two other individuals can be partially seen on either side of the frame, suggesting this is a group journey across dangerous or challenging waters."
"79","A Nightmare on Elm Street","1984","Nightmare on Elm Street 1984 Nancy dragged feet-first into bed Freddy Krueger","A person lies in bed wearing purple bedding in a dimly lit room, appearing to be sleeping or resting. Above them, a large shadowy figure looms menacingly in the darkness, creating an ominous and suspenseful atmosphere. The scene suggests a moment of vulnerability and potential danger, characteristic of a horror or thriller film sequence."
"80","Halloween","1978","Halloween 1978 Jamie Lee Curtis hides closet Michael Myers breaks through door","A person wearing a Michael Myers mask looks upward in what appears to be an indoor setting, possibly a hallway or stairwell. The figure is dressed in dark clothing and the lighting creates an eerie, suspenseful atmosphere typical of horror film cinematography. This appears to be a scene from the ""Halloween"" franchise, capturing the iconic killer in a moment of menacing stillness."
"81","The Descent","2005","The Descent 2005 women crawl rock passage collapses cave","A man with a beard, wearing dark clothing and what appears to be tactical gear, is positioned low to the ground in a confined, dusty space with brown walls. He appears to be in an action sequence, possibly crawling through or navigating a tight underground passage or debris-filled area. His intense facial expression and body positioning suggest he is engaged in a tense, high-stakes moment."
"82","127 Hours","2010","127 Hours 2010 James Franco cuts through own arm dull knife canyon","A man is trapped between two narrow canyon walls, struggling to free himself from the immense boulders pinning his arm in a life-or-death situation. The film depicts the true story of mountaineer Aron Ralston's harrowing ordeal as he fights for survival in the Utah wilderness. This gripping survival drama stars James Franco and chronicles Ralston's remarkable 127-hour battle against nature as he uses his wits and determination to escape his predicament and return to civilization."
"83","Touching the Void","2003","Touching the Void 2003 Joe Simpson crawls glacier crevasse broken leg alone","A climber in winter gear hangs precariously from an icy cliff face high above snow-covered mountains, fighting against harsh weather conditions and the extreme elements of high-altitude mountaineering. The figure clings to the frozen rock wall with determination, showcasing the intense physical and mental challenge of alpine climbing in one of the world's most treacherous environments. The dramatic composition captures the stark contrast between the solitary climber and the vast, unforgiving landscape of peaks and clouds surrounding them."
"84","Everest","2015","Everest 2015 climbers trapped bivouac 28000 feet sudden blizzard","A group of rescue workers and emergency personnel gather at night in a snowy, rocky environment, appearing to be conducting a rescue or recovery operation. Several people in winter clothing and protective gear are positioned around what appears to be a mountainous or disaster site, with some individuals illuminated by lighting equipment. The scene suggests an urgent, coordinated emergency response effort taking place in harsh winter conditions."
"85","Free Solo","2018","Free Solo 2018 Alex Honnold climbs sheer face El Capitan no rope","A rock climber in a bright pink and black outfit scales a challenging overhang on a massive boulder, gripping the textured stone surface with intense focus. The climber demonstrates impressive strength and technique as they navigate the difficult angle of the rock face, with their body extended away from the wall. The natural outdoor setting shows the raw, weathered granite formation against which this athletic feat is being performed."
"86","The Walk","2015","The Walk 2015 Joseph Gordon-Levitt wire walks between Twin Towers wind","A solitary figure in a dark jacket stands at the edge of a high observation deck, gazing out over a sprawling cityscape far below. The vantage point appears to be from one of the world's tallest buildings, with modern architectural elements visible in the foreground and the vast urban landscape stretching to the horizon. The person's contemplative stance suggests a moment of reflection while taking in the breathtaking aerial view of the metropolitan area."
"87","Vertigo","1958","Vertigo 1958 James Stewart clings rooftop gutter dangling San Francisco street","A man wearing a fedora and dark coat stands on a rooftop at dusk, gripping the cables of what appears to be a makeshift swing or pulley system. Behind him, the silhouette of a sprawling city skyline fills the twilight sky with illuminated windows in tall buildings. The scene captures a moment of urban solitude against the backdrop of a metropolitan landscape during the blue hour."
"88","North by Northwest","1959","North by Northwest 1959 Cary Grant chased open farmland crop-dusting plane","A man in a suit runs across a barren, rocky landscape while a biplane approaches from behind, flying dangerously low. The aircraft appears to be pursuing or about to strike the fleeing figure, creating a tense moment of danger. This iconic scene captures a classic moment of suspense from early cinema, with the stark black and white photography emphasizing the dramatic action unfolding in the desolate terrain."
"89","North by Northwest","1959","North by Northwest 1959 Cary Grant Eva Marie Saint dangle Mount Rushmore face","Two men stand in profile against a stark black background, their faces carved in stone-like detail showing intense, determined expressions. The larger figure looms in the background while a smaller figure is positioned in the foreground, both appearing monumental and heroic in their sculptural quality. The dramatic lighting and contrast create a powerful, almost mythic atmosphere suggesting themes of ambition, conflict, or historical significance."
"90","Ben-Hur","1959","Ben-Hur 1959 Charlton Heston crushed between chariots Circus Maximus race","A charioteer drives a team of four white horses pulling an ornate golden chariot across an arena floor shrouded in dust, while crowds of spectators watch from behind the brick walls of what appears to be a Roman amphitheater. The scene captures the intensity and grandeur of ancient chariot racing, with the driver leaning forward in concentration as the powerful horses gallop in synchronized motion. The massive audience fills the upper levels of the structure, creating an atmosphere of anticipation and excitement typical of a major sporting event in classical antiquity."
"91","Gladiator","2000","Gladiator 2000 Russell Crowe fights tiger armored gladiator Colosseum","In a grand Roman amphitheater filled with thousands of spectators, a fierce gladiator battle unfolds as two warriors face off against a tiger in the arena. The gladiator on the left, adorned in ornate armor with a wolf-head helmet, confronts the dangerous beast while his opponent on the right prepares for combat with shield and sword raised. The roaring crowds in the tiered seats above watch intensely as the deadly spectacle plays out on the sandy arena floor, with attendants in yellow tunics visible in the background ensuring the show proceeds."
"92","The Lord of the Rings The Two Towers","2002","Lord of the Rings Two Towers 2002 Frodo nearly falls Mount Doom lava pit","A dark figure stands on a rocky cliff overlooking a dramatic volcanic landscape engulfed in flames and smoke, with a massive cone-shaped volcano erupting in the distance against an orange and turbulent sky. Lightning bolts crack across the apocalyptic scene while a tall tower or structure burns on the left side of the horizon, creating an intense and ominous atmosphere. The desolate terrain below is shrouded in mist and shadow, emphasizing the scale of destruction and the lone observer's small presence before this cataclysmic event."
"93","The Lord of the Rings The Fellowship of the Ring","2001","Lord of the Rings Fellowship 2001 Gandalf hangs Bridge Khazad-dum Balrog drags him down","A gritty, dark scene shows a weathered character in tattered clothing crouching or sitting in a dimly lit underground or cave-like environment. The figure appears to be holding a weapon or tool, with an intense, desperate expression reflecting the harsh conditions around them. The atmosphere is ominous and survival-focused, suggesting a moment of tension or danger in what appears to be a post-apocalyptic or primitive setting."
"94","Harry Potter and the Chamber of Secrets","2002","Harry Potter Chamber of Secrets 2002 Harry Ron dangle Whomping Willow night","A colossal alien creature emerges from the misty darkness, its massive silhouette dominating the nighttime cityscape below. The towering extraterrestrial being looms menacingly over illuminated buildings and streets, creating an atmosphere of impending invasion and catastrophe. The scene captures a moment of alien arrival or attack, with the creature's enormous form casting an ominous shadow across the urban landscape shrouded in fog and dim lighting."
"95","The Hunger Games","2012","Hunger Games 2012 Katniss cornered tree Career tributes tracker jacker nest below","A figure stands silhouetted against a large tree trunk, reaching upward along a thick branch in a dense forest canopy. The scene captures a moment of exploration or struggle, with dappled sunlight filtering through the green foliage above, creating a dramatic contrast between the dark figure and the bright sky. The composition emphasizes the scale and power of nature, with the towering tree and its gnarled branches framing the solitary human form engaged in some form of physical interaction with the natural environment."
"96","Avatar","2009","Avatar 2009 Jake Sully hanging Thanator jaw Pandora floating mountains","A blue-skinned Na'vi rides atop a large dark flying creature through a lush, verdant forest filled with towering trees and dense vegetation. The rider grips the creature's body as they move swiftly through the misty, green-tinted jungle landscape of Pandora. This appears to be a scene from Avatar, showcasing the bond between the Na'vi and their flying mounts in their natural forest habitat."
"97","King Kong","2005","King Kong 2005 Naomi Watts held King Kong fist Empire State Building under fire","A woman with curly blonde hair stands confidently with her hand on her hip, wearing a white sleeveless top against a dramatic backdrop of a sprawling cityscape with numerous tall buildings. The scene appears to be from a high vantage point overlooking a major metropolitan area, creating a sense of scale and grandeur. Her composed expression and posture suggest a moment of triumph or contemplation as she surveys the urban landscape below her."
"98","Schindler's List","1993","Schindler's List 1993 Jewish prisoners packed cattle cars armed guards winter","# Description A solitary child in a distinctive red coat walks through a street lined with armed soldiers in dark uniforms and helmets during what appears to be a military operation or occupation. The contrast between the small figure in bright red and the imposing gray-toned crowd of armed personnel creates a striking visual composition. The scene conveys a sense of vulnerability and isolation amid an overwhelming military presence."
"99","Parasite","2019","Parasite 2019 Parks family trapped flooding house water rises ceiling","In this scene from the film Parasite, a man in dark clothing stands prominently on a manicured lawn in front of a modern glass and concrete house, his eyes covered by a black bar. Behind him, multiple figures are positioned around the luxurious property-one person reclines on a lounge chair with a drink, another stands in a doorway, and others are visible in the background near the contemporary architecture. The composition captures a tense moment that juxtaposes the wealth and leisure of the house's inhabitants with an underlying sense of intrusion and class conflict."
"100","Everything Everywhere All at Once","2022","Everything Everywhere All at Once 2022 Evelyn Wong rooftop ledge IRS agents everything bagel pulls her","Three women stand together in an indoor setting with warm lighting in the background. The woman in the center, wearing a burgundy quilted vest over a patterned shirt, appears to be the focus of attention as the other two women flank her on either side. Their expressions and body language suggest they are engaged in an intense or dramatic moment, possibly discussing something serious or concerning."
